sample,box,label,status,note,start_new_york,end_new_york,box_bars,box_duration_min,box_range_pips,box_bb_width_median,first_close_break_dir,first_close_break_min,first_1r_target_dir,first_1r_target_min,max_up_r_30m,max_down_r_30m,max_extension_r_30m,realized_range_r_30m,bb_expand_ratio_30m,hit_0.75r_30m,hit_1.00r_30m,hit_1.50r_30m,hit_2.00r_30m,max_up_r_60m,max_down_r_60m,max_extension_r_60m,realized_range_r_60m,bb_expand_ratio_60m,hit_0.75r_60m,hit_1.00r_60m,hit_1.50r_60m,hit_2.00r_60m,max_up_r_90m,max_down_r_90m,max_extension_r_90m,realized_range_r_90m,bb_expand_ratio_90m,hit_0.75r_90m,hit_1.00r_90m,hit_1.50r_90m,hit_2.00r_90m,max_up_r_120m,max_down_r_120m,max_extension_r_120m,realized_range_r_120m,bb_expand_ratio_120m,hit_0.75r_120m,hit_1.00r_120m,hit_1.50r_120m,hit_2.00r_120m,dominant_dir_120m,first_break_headfake_120m
49,1,compression,accepted,all boxes fine,2022-02-28 19:10 EST,2022-02-28 19:40 EST,7,35,5.1,10.27,down,5.0,down,60.0,0.314,0.941,0.941,2.255,2.65,True,False,False,False,0.314,1.02,1.02,2.333,2.65,True,True,False,False,0.314,2.902,2.902,4.216,2.65,True,True,True,True,0.314,2.902,2.902,4.216,2.682,True,True,True,True,down,False
49,2,compression,accepted,all boxes fine,2022-02-28 21:30 EST,2022-02-28 22:00 EST,7,35,3.9,7.02,up,5.0,down,60.0,0.538,0.256,0.538,1.795,1.951,False,False,False,False,0.538,1.128,1.128,2.667,2.086,True,True,False,False,0.538,1.128,1.128,2.667,2.086,True,True,False,False,0.744,1.128,1.128,2.872,2.086,True,True,False,False,down,True
49,3,compression,accepted,all boxes fine,2022-02-28 23:20 EST,2022-02-28 23:55 EST,8,40,4.8,7.87,up,5.0,up,110.0,0.708,0.0,0.708,1.583,1.815,False,False,False,False,0.708,0.292,0.708,2.0,2.455,False,False,False,False,0.708,0.292,0.708,2.0,2.455,False,False,False,False,1.667,0.292,1.667,2.958,3.241,True,True,True,False,up,False
49,4,compression,accepted,all boxes fine,2022-03-01 00:35 EST,2022-03-01 01:30 EST,12,60,7.6,8.98,up,10.0,up,30.0,1.092,0.0,1.092,1.382,2.841,True,True,False,False,3.0,0.0,3.0,3.289,3.803,True,True,True,True,4.211,0.0,4.211,4.5,4.143,True,True,True,True,4.211,0.0,4.211,4.5,4.833,True,True,True,True,up,False
49,1,random_control,accepted,same-window random duration control,2022-02-28 20:10 EST,2022-02-28 20:40 EST,7,35,8.2,13.52,down,30.0,down,30.0,0.0,1.171,1.171,1.537,1.807,True,True,False,False,0.0,1.171,1.171,1.537,2.038,True,True,False,False,0.0,1.171,1.171,1.537,2.038,True,True,False,False,0.0,1.171,1.171,1.537,2.038,True,True,False,False,down,False
49,2,random_control,accepted,same-window random duration control,2022-03-01 02:30 EST,2022-03-01 03:00 EST,7,35,18.4,20.66,down,95.0,down,95.0,0.0,0.168,0.168,0.701,2.1,False,False,False,False,0.0,0.168,0.168,0.984,2.1,False,False,False,False,0.0,0.168,0.168,0.984,2.1,False,False,False,False,0.0,1.359,1.359,2.174,3.604,True,True,False,False,down,False
49,3,random_control,accepted,same-window random duration control,2022-02-28 20:25 EST,2022-02-28 21:00 EST,8,40,9.0,14.93,down,10.0,down,115.0,0.0,0.978,0.978,1.222,1.845,True,False,False,False,0.0,0.978,0.978,1.222,1.845,True,False,False,False,0.0,0.978,0.978,1.222,1.845,True,False,False,False,0.0,1.222,1.222,1.467,1.845,True,True,False,False,down,False
49,4,random_control,accepted,same-window random duration control,2022-02-28 20:10 EST,2022-02-28 21:05 EST,12,60,10.0,13.72,down,5.0,,,0.0,0.78,0.78,0.92,2.007,True,False,False,False,0.0,0.78,0.78,0.92,2.007,True,False,False,False,0.0,0.78,0.78,0.92,2.007,True,False,False,False,0.0,1.0,1.0,1.14,2.007,True,False,False,False,down,False
50,1,compression,accepted,all four good,2023-11-29 05:40 EST,2023-11-29 06:25 EST,10,50,6.9,8.24,up,10.0,up,30.0,1.0,0.0,1.0,1.565,2.675,True,True,False,False,1.551,0.0,1.551,2.116,2.675,True,True,True,False,1.551,0.0,1.551,2.116,2.675,True,True,True,False,1.551,0.0,1.551,2.116,2.675,True,True,True,False,up,False
50,2,compression,accepted,all four good,2023-11-29 07:25 EST,2023-11-29 08:05 EST,9,45,7.4,11.69,down,30.0,down,35.0,0.919,0.946,0.946,2.865,2.429,True,False,False,False,0.919,2.095,2.095,4.014,2.964,True,True,True,True,0.919,2.541,2.541,4.459,4.311,True,True,True,True,0.919,2.541,2.541,4.459,4.311,True,True,True,True,down,False
50,3,compression,accepted,all four good,2023-11-29 11:10 EST,2023-11-29 11:50 EST,9,45,8.7,12.0,up,15.0,up,70.0,0.839,0.0,0.839,1.322,2.116,True,False,False,False,0.943,0.0,0.943,1.425,2.116,True,False,False,False,1.264,0.0,1.264,1.747,2.116,True,True,False,False,1.701,0.0,1.701,2.184,2.116,True,True,True,False,up,False
50,4,compression,accepted,all four good,2023-11-29 12:10 EST,2023-11-29 12:40 EST,7,35,4.7,7.38,up,20.0,up,60.0,0.787,0.0,0.787,1.574,1.953,True,False,False,False,1.043,0.085,1.043,2.128,2.806,True,True,False,False,3.723,0.085,3.723,4.809,4.11,True,True,True,True,3.723,0.085,3.723,4.809,5.15,True,True,True,True,up,False
50,1,random_control,accepted,same-window random duration control,2023-11-29 13:40 EST,2023-11-29 14:25 EST,10,50,16.1,19.62,down,50.0,,,0.0,0.112,0.112,0.484,1.936,False,False,False,False,0.0,0.391,0.391,0.764,1.936,False,False,False,False,0.0,0.478,0.478,0.851,1.936,False,False,False,False,0.0,0.478,0.478,0.851,1.936,False,False,False,False,down,False
50,2,random_control,accepted,same-window random duration control,2023-11-29 09:15 EST,2023-11-29 09:55 EST,9,45,28.8,25.29,,,,,0.014,0.063,0.063,1.076,3.339,False,False,False,False,0.014,0.063,0.063,1.076,3.339,False,False,False,False,0.014,0.063,0.063,1.076,3.339,False,False,False,False,0.014,0.063,0.063,1.076,3.339,False,False,False,False,down,False
50,3,random_control,accepted,same-window random duration control,2023-11-29 09:35 EST,2023-11-29 10:15 EST,9,45,29.1,37.11,,,,,0.0,0.065,0.065,0.302,2.275,False,False,False,False,0.0,0.065,0.065,0.605,2.275,False,False,False,False,0.0,0.065,0.065,0.605,2.275,False,False,False,False,0.0,0.065,0.065,0.605,2.275,False,False,False,False,down,False
50,4,random_control,accepted,same-window random duration control,2023-11-29 08:30 EST,2023-11-29 09:00 EST,7,35,29.7,26.93,down,80.0,,,0.0,0.111,0.111,0.764,1.8,False,False,False,False,0.0,0.111,0.111,0.983,1.871,False,False,False,False,0.0,0.172,0.172,1.044,3.135,False,False,False,False,0.0,0.172,0.172,1.044,3.135,False,False,False,False,down,False
51,1,compression,accepted,user said fine,2024-02-07 14:00 EST,2024-02-07 14:55 EST,12,60,5.4,7.45,,,,,0.0,0.0,0.0,0.611,0.992,False,False,False,False,0.0,0.0,0.0,0.648,0.992,False,False,False,False,0.0,0.0,0.0,0.685,1.3,False,False,False,False,0.0,0.0,0.0,0.741,1.3,False,False,False,False,,False
51,2,compression,accepted,user said fine,2024-02-07 17:25 EST,2024-02-07 18:10 EST,10,50,3.8,4.85,up,10.0,,,0.316,0.0,0.316,0.868,1.86,False,False,False,False,0.316,0.0,0.316,0.868,1.86,False,False,False,False,0.947,0.0,0.947,1.5,1.86,True,False,False,False,0.974,0.0,0.974,1.526,1.86,True,False,False,False,up,False
51,3,compression,accepted,user said fine,2024-02-07 19:30 EST,2024-02-07 20:25 EST,12,60,3.9,3.84,up,35.0,up,75.0,0.077,0.051,0.077,1.128,1.782,False,False,False,False,0.897,0.051,0.897,1.949,3.286,True,False,False,False,1.0,0.051,1.0,2.051,3.286,True,True,False,False,1.385,0.051,1.385,2.436,3.286,True,True,False,False,up,False
51,4,compression,accepted,user said fine,2024-02-07 23:50 EST,2024-02-08 00:20 EST,7,35,4.4,10.09,,,,,,,,,,,,,,,,,,,,,,,,,,,,,,,,,,,,,,,,,,False
51,1,random_control,accepted,same-window random duration control,2024-02-07 20:55 EST,2024-02-07 21:50 EST,12,60,5.7,5.49,up,35.0,,,0.105,0.0,0.105,0.298,0.548,False,False,False,False,0.263,0.0,0.263,0.509,1.556,False,False,False,False,0.877,0.0,0.877,1.193,1.917,True,False,False,False,0.877,0.0,0.877,1.298,2.174,True,False,False,False,up,False
51,2,random_control,accepted,same-window random duration control,2024-02-07 21:05 EST,2024-02-07 21:50 EST,10,50,2.8,5.15,up,35.0,up,85.0,0.214,0.0,0.214,0.607,0.585,False,False,False,False,0.536,0.0,0.536,1.036,1.66,False,False,False,False,1.786,0.0,1.786,2.429,2.045,True,True,True,False,1.786,0.0,1.786,2.643,2.319,True,True,True,False,up,False
51,3,random_control,accepted,same-window random duration control,2024-02-07 12:40 EST,2024-02-07 13:35 EST,12,60,11.4,8.51,,,,,0.0,0.0,0.0,0.658,2.221,False,False,False,False,0.079,0.0,0.079,0.754,2.221,False,False,False,False,0.14,0.0,0.14,0.816,2.221,False,False,False,False,0.14,0.0,0.14,0.816,2.221,False,False,False,False,up,False
51,4,random_control,accepted,same-window random duration control,2024-02-07 21:05 EST,2024-02-07 21:35 EST,7,35,2.4,5.27,up,45.0,up,100.0,0.167,0.0,0.167,0.5,1.124,False,False,False,False,0.792,0.0,0.792,1.125,1.188,True,False,False,False,0.792,0.0,0.792,1.375,1.621,True,False,False,False,2.25,0.0,2.25,2.833,1.997,True,True,True,True,up,False
52,1,compression,accepted,good,2024-11-26 02:15 EST,2024-11-26 02:40 EST,6,30,12.4,18.03,down,30.0,up,80.0,0.0,0.258,0.258,1.202,1.654,False,False,False,False,0.258,0.258,0.258,1.516,2.438,False,False,False,False,2.718,0.258,2.718,3.976,4.054,True,True,True,True,2.718,0.258,2.718,3.976,4.054,True,True,True,True,up,True
52,2,compression,accepted,good,2024-11-26 05:20 EST,2024-11-26 06:15 EST,12,60,11.9,14.95,down,5.0,up,60.0,0.008,0.336,0.336,1.345,2.738,False,False,False,False,2.008,0.336,2.008,3.345,4.901,True,True,True,True,2.008,0.336,2.008,3.345,5.498,True,True,True,True,2.008,0.336,2.008,3.345,5.498,True,True,True,True,up,True
52,3,compression,rejected,stubby pause inside active directional leg,2024-11-26 09:45 EST,2024-11-26 10:10 EST,6,30,13.8,12.43,down,10.0,down,45.0,0.0,0.812,0.812,1.435,4.141,True,False,False,False,0.0,2.217,2.217,2.841,4.561,True,True,True,True,0.0,2.377,2.377,3.0,4.561,True,True,True,True,0.0,2.377,2.377,3.0,4.561,True,True,True,True,down,False
52,4,compression,accepted,good,2024-11-26 12:15 EST,2024-11-26 13:10 EST,12,60,10.3,17.73,down,15.0,,,0.0,0.68,0.68,1.417,1.958,False,False,False,False,0.0,0.68,0.68,1.456,1.958,False,False,False,False,0.0,0.68,0.68,1.456,1.958,False,False,False,False,0.0,0.68,0.68,1.456,1.958,False,False,False,False,down,False
52,1,random_control,accepted,same-window random duration control,2024-11-26 08:00 EST,2024-11-26 08:25 EST,6,30,25.7,33.68,down,35.0,,,0.0,0.047,0.047,0.626,1.571,False,False,False,False,0.0,0.444,0.444,1.023,1.571,False,False,False,False,0.0,0.444,0.444,1.023,1.571,False,False,False,False,0.0,0.572,0.572,1.152,1.571,False,False,False,False,down,False
52,2,random_control,accepted,same-window random duration control,2024-11-26 08:30 EST,2024-11-26 09:25 EST,12,60,26.3,33.46,down,60.0,,,0.0,0.0,0.0,0.494,1.041,False,False,False,False,0.0,0.125,0.125,0.901,1.459,False,False,False,False,0.0,0.426,0.426,1.202,1.539,False,False,False,False,0.0,0.996,0.996,1.772,1.695,True,False,False,False,down,False
52,4,random_control,accepted,same-window random duration control,2024-11-26 07:45 EST,2024-11-26 08:40 EST,12,60,38.1,36.19,down,25.0,,,0.0,0.268,0.268,0.69,1.389,False,False,False,False,0.0,0.268,0.268,0.69,1.389,False,False,False,False,0.0,0.268,0.268,0.69,1.389,False,False,False,False,0.0,0.388,0.388,0.811,1.423,False,False,False,False,down,False
53,1,compression,accepted,correct,2025-06-24 22:50 EST,2025-06-24 23:40 EST,11,55,5.7,8.7,down,5.0,down,15.0,0.0,1.105,1.105,1.702,3.364,True,True,False,False,0.0,1.105,1.105,1.702,3.364,True,True,False,False,0.0,1.105,1.105,1.702,3.364,True,True,False,False,0.0,1.456,1.456,2.053,3.364,True,True,False,False,down,False
53,2,compression,accepted,correct,2025-06-25 00:15 EST,2025-06-25 01:10 EST,12,60,6.1,6.62,down,10.0,down,105.0,0.131,0.41,0.41,1.541,3.493,False,False,False,False,0.393,0.41,0.41,1.803,3.493,False,False,False,False,0.77,0.41,0.77,2.18,3.493,True,False,False,False,0.77,1.951,1.951,3.721,5.234,True,True,True,False,down,False
53,3,compression,rejected,pause inside active upswing,2025-06-25 06:30 EST,2025-06-25 07:00 EST,7,35,6.9,10.86,up,5.0,down,90.0,0.71,0.0,0.71,1.623,2.453,False,False,False,False,0.71,0.696,0.71,2.406,2.453,False,False,False,False,0.71,1.275,1.275,2.986,2.453,True,True,False,False,0.71,1.652,1.652,3.362,2.453,True,True,True,False,down,True
53,4,compression,accepted,correct,2025-06-25 07:40 EST,2025-06-25 08:20 EST,9,45,8.6,11.25,down,5.0,,,0.0,0.744,0.744,1.128,1.866,False,False,False,False,0.0,0.744,0.744,1.465,1.992,False,False,False,False,0.291,0.744,0.744,2.035,2.208,False,False,False,False,0.291,0.744,0.744,2.035,2.208,False,False,False,False,down,False
53,1,random_control,accepted,same-window random duration control,2025-06-25 04:55 EST,2025-06-25 05:45 EST,11,55,19.2,19.53,,,,,0.0,0.0,0.0,0.656,1.12,False,False,False,False,0.0,0.0,0.0,0.729,1.318,False,False,False,False,0.104,0.0,0.104,1.0,1.364,False,False,False,False,0.104,0.0,0.104,1.0,1.364,False,False,False,False,up,False
53,2,random_control,accepted,same-window random duration control,2025-06-25 02:05 EST,2025-06-25 03:00 EST,12,60,21.3,13.46,down,50.0,,,0.0,0.066,0.066,0.408,2.482,False,False,False,False,0.0,0.531,0.531,0.901,3.167,False,False,False,False,0.0,0.531,0.531,0.901,3.167,False,False,False,False,0.0,0.531,0.531,1.0,3.167,False,False,False,False,down,False
53,4,random_control,accepted,same-window random duration control,2025-06-25 02:35 EST,2025-06-25 03:15 EST,9,45,20.0,19.97,down,35.0,,,0.0,0.0,0.0,0.405,0.72,False,False,False,False,0.0,0.495,0.495,0.96,2.135,False,False,False,False,0.0,0.495,0.495,0.96,2.135,False,False,False,False,0.0,0.495,0.495,1.065,2.135,False,False,False,False,down,False
54,1,compression,accepted,all correct,2024-02-07 05:40 EST,2024-02-07 06:20 EST,9,45,8.5,13.67,up,10.0,,,0.271,0.0,0.271,0.706,1.628,False,False,False,False,0.376,0.0,0.376,0.906,1.628,False,False,False,False,0.376,0.0,0.376,0.941,1.628,False,False,False,False,0.976,0.0,0.976,1.541,1.628,True,False,False,False,up,False
54,2,compression,accepted,all correct,2024-02-07 06:40 EST,2024-02-07 07:35 EST,12,60,8.0,8.49,up,25.0,up,50.0,0.313,0.0,0.313,1.075,1.898,False,False,False,False,1.238,0.0,1.238,2.0,2.555,True,True,False,False,1.238,0.0,1.238,2.163,5.06,True,True,False,False,1.238,0.075,1.238,2.313,5.06,True,True,False,False,up,False
54,3,compression,accepted,all correct,2024-02-07 12:10 EST,2024-02-07 12:55 EST,10,50,6.4,9.76,up,10.0,up,15.0,1.266,0.0,1.266,1.469,2.677,True,True,False,False,1.266,0.0,1.266,1.469,2.677,True,True,False,False,1.328,0.0,1.328,1.531,2.677,True,True,False,False,1.516,0.0,1.516,1.719,2.677,True,True,True,False,up,False
54,4,compression,accepted,all correct,2024-02-07 14:00 EST,2024-02-07 14:55 EST,12,60,5.4,7.45,,,,,0.0,0.0,0.0,0.611,0.992,False,False,False,False,0.0,0.0,0.0,0.648,0.992,False,False,False,False,0.0,0.0,0.0,0.685,1.3,False,False,False,False,0.0,0.0,0.0,0.741,1.3,False,False,False,False,,False
54,1,random_control,accepted,same-window random duration control,2024-02-07 09:45 EST,2024-02-07 10:25 EST,9,45,11.8,20.32,down,25.0,,,0.322,0.729,0.729,2.051,3.019,False,False,False,False,0.322,0.729,0.729,2.051,3.019,False,False,False,False,0.322,0.729,0.729,2.051,3.019,False,False,False,False,0.322,0.729,0.729,2.051,3.019,False,False,False,False,down,False
54,2,random_control,accepted,same-window random duration control,2024-02-07 09:10 EST,2024-02-07 10:05 EST,12,60,13.4,20.43,down,50.0,,,0.0,0.0,0.0,0.896,1.143,False,False,False,False,0.164,0.642,0.642,1.806,3.004,False,False,False,False,0.164,0.642,0.642,1.806,3.004,False,False,False,False,0.164,0.642,0.642,1.806,3.004,False,False,False,False,down,False
54,3,random_control,accepted,same-window random duration control,2024-02-07 08:05 EST,2024-02-07 08:50 EST,10,50,17.3,20.4,down,120.0,,,0.0,0.0,0.0,0.642,1.12,False,False,False,False,0.0,0.069,0.069,0.728,1.317,False,False,False,False,0.0,0.133,0.133,0.792,1.317,False,False,False,False,0.0,0.266,0.266,1.035,1.939,False,False,False,False,down,False
54,4,random_control,accepted,same-window random duration control,2024-02-07 09:55 EST,2024-02-07 10:50 EST,12,60,17.9,19.69,down,5.0,,,0.0,0.352,0.352,0.542,3.116,False,False,False,False,0.0,0.352,0.352,0.782,3.116,False,False,False,False,0.0,0.352,0.352,0.866,3.116,False,False,False,False,0.0,0.352,0.352,0.866,3.116,False,False,False,False,down,False
55,1,compression,questionable,questionable confidence downgrade,2021-09-30 13:40 EST,2021-09-30 14:30 EST,11,55,9.0,16.79,up,5.0,up,25.0,1.444,0.0,1.444,1.656,1.875,True,True,False,False,1.889,0.0,1.889,2.1,1.875,True,True,True,False,1.889,0.0,1.889,2.1,1.875,True,True,True,False,1.889,0.0,1.889,2.1,1.875,True,True,True,False,up,False
55,2,compression,accepted,correct,2021-09-30 17:20 EST,2021-09-30 18:15 EST,12,60,4.8,4.33,down,55.0,down,90.0,0.0,0.0,0.0,0.354,1.272,False,False,False,False,0.0,0.729,0.729,1.229,3.294,False,False,False,False,0.0,1.146,1.146,1.646,3.294,True,True,False,False,0.0,1.938,1.938,2.438,3.294,True,True,True,False,down,False
55,3,compression,accepted,correct,2021-09-30 19:30 EST,2021-09-30 20:25 EST,12,60,7.6,6.43,down,20.0,,,0.0,0.605,0.605,1.118,2.593,False,False,False,False,0.0,0.895,0.895,1.408,3.516,True,False,False,False,0.0,0.895,0.895,1.697,4.038,True,False,False,False,0.0,0.895,0.895,1.868,4.038,True,False,False,False,down,False
55,4,compression,accepted,correct,2021-09-30 21:55 EST,2021-09-30 22:50 EST,12,60,7.6,10.68,,,,,0.0,0.0,0.0,0.263,0.69,False,False,False,False,0.0,0.0,0.0,0.263,0.69,False,False,False,False,0.0,0.0,0.0,0.263,0.69,False,False,False,False,0.0,0.0,0.0,0.263,0.69,False,False,False,False,,False
55,1,random_control,questionable,same-window random duration control,2021-09-30 11:50 EST,2021-09-30 12:40 EST,11,55,17.6,25.13,,,,,0.0,0.0,0.0,0.375,0.721,False,False,False,False,0.0,0.0,0.0,0.761,1.305,False,False,False,False,0.0,0.0,0.0,0.886,1.305,False,False,False,False,0.0,0.0,0.0,0.898,1.305,False,False,False,False,,False
55,2,random_control,accepted,same-window random duration control,2021-09-30 11:10 EST,2021-09-30 12:05 EST,12,60,27.2,29.22,down,5.0,,,0.0,0.301,0.301,0.548,1.401,False,False,False,False,0.0,0.301,0.301,0.548,1.401,False,False,False,False,0.0,0.301,0.301,0.596,1.401,False,False,False,False,0.0,0.301,0.301,0.596,1.401,False,False,False,False,down,False
55,3,random_control,accepted,same-window random duration control,2021-09-30 11:45 EST,2021-09-30 12:40 EST,12,60,18.0,26.34,,,,,0.0,0.0,0.0,0.367,0.688,False,False,False,False,0.0,0.0,0.0,0.744,1.245,False,False,False,False,0.0,0.0,0.0,0.867,1.245,False,False,False,False,0.0,0.0,0.0,0.878,1.245,False,False,False,False,,False
55,4,random_control,accepted,same-window random duration control,2021-09-30 12:20 EST,2021-09-30 13:15 EST,12,60,11.5,15.93,down,25.0,,,0.026,0.139,0.139,1.165,2.058,False,False,False,False,0.026,0.348,0.348,1.374,2.058,False,False,False,False,0.026,0.348,0.348,1.374,2.058,False,False,False,False,0.913,0.348,0.913,2.261,2.058,True,False,False,False,up,True
56,1,compression,accepted,correct,2022-08-28 23:15 EST,2022-08-29 00:10 EST,12,60,6.6,6.81,down,20.0,down,35.0,0.0,0.955,0.955,1.682,2.888,True,False,False,False,0.0,1.106,1.106,1.833,2.888,True,True,False,False,0.0,1.106,1.106,1.833,2.888,True,True,False,False,1.121,1.106,1.121,3.227,5.381,True,True,False,False,up,True
56,2,compression,accepted,correct,2022-08-29 00:35 EST,2022-08-29 01:20 EST,10,50,6.3,10.15,up,30.0,up,45.0,0.349,0.0,0.349,0.952,1.289,False,False,False,False,2.381,0.0,2.381,2.984,3.611,True,True,True,True,3.714,0.0,3.714,4.317,3.611,True,True,True,True,4.73,0.0,4.73,5.333,3.611,True,True,True,True,up,False
56,3,compression,accepted,missed marginal shelf around 0400,2022-08-29 03:35 EST,2022-08-29 04:05 EST,7,35,12.0,21.59,down,5.0,down,25.0,0.0,1.25,1.25,1.317,2.119,True,True,False,False,0.0,1.25,1.25,1.983,2.119,True,True,False,False,1.367,1.25,1.367,3.617,3.062,True,True,False,False,1.617,1.25,1.617,3.867,3.062,True,True,True,False,up,True
56,1,random_control,accepted,same-window random duration control,2022-08-29 07:35 EST,2022-08-29 08:30 EST,12,60,47.7,47.0,up,15.0,,,0.197,0.0,0.197,0.545,2.0,False,False,False,False,0.197,0.0,0.197,0.713,2.0,False,False,False,False,0.197,0.0,0.197,0.713,2.0,False,False,False,False,0.197,0.0,0.197,0.713,2.0,False,False,False,False,up,False
56,2,random_control,accepted,same-window random duration control,2022-08-29 02:30 EST,2022-08-29 03:15 EST,10,50,16.9,28.75,down,55.0,,,0.118,0.0,0.118,1.006,1.151,False,False,False,False,0.118,0.343,0.343,1.462,1.592,False,False,False,False,0.118,0.704,0.704,1.822,1.592,False,False,False,False,0.497,0.704,0.704,2.201,2.106,False,False,False,False,down,False
56,3,random_control,accepted,same-window random duration control,2022-08-29 07:45 EST,2022-08-29 08:15 EST,7,35,20.0,42.14,up,5.0,up,30.0,1.46,0.0,1.46,2.12,2.591,True,True,False,False,1.46,0.0,1.46,2.12,2.591,True,True,False,False,1.46,0.0,1.46,2.12,2.591,True,True,False,False,1.46,0.0,1.46,2.12,2.591,True,True,False,False,up,False
57,1,compression,accepted,all correct,2021-12-27 00:35 EST,2021-12-27 01:30 EST,12,60,4.1,4.18,up,5.0,up,55.0,0.683,0.0,0.683,0.927,4.197,False,False,False,False,1.61,0.0,1.61,1.854,4.407,True,True,True,False,4.195,0.0,4.195,4.439,4.984,True,True,True,True,4.195,0.0,4.195,4.61,7.654,True,True,True,True,up,False
57,2,compression,accepted,all correct,2021-12-27 01:50 EST,2021-12-27 02:20 EST,7,35,4.2,7.89,up,5.0,up,15.0,1.952,0.0,1.952,2.143,2.641,True,True,True,False,3.333,0.0,3.333,3.762,3.357,True,True,True,True,3.333,1.476,3.333,5.81,4.055,True,True,True,True,3.333,3.19,3.333,7.524,4.055,True,True,True,True,up,False
57,3,compression,accepted,all correct,2021-12-27 04:10 EST,2021-12-27 04:50 EST,9,45,6.7,10.31,up,15.0,up,15.0,1.09,0.0,1.09,1.896,3.049,True,True,False,False,1.731,0.0,1.731,2.537,3.049,True,True,True,False,1.731,0.0,1.731,2.537,3.049,True,True,True,False,1.731,0.0,1.731,2.537,3.049,True,True,True,False,up,False
57,4,compression,accepted,all correct,2021-12-27 08:10 EST,2021-12-27 09:00 EST,11,55,5.3,7.08,up,15.0,up,20.0,1.396,0.0,1.396,2.075,2.852,True,True,False,False,3.245,0.0,3.245,3.925,4.389,True,True,True,True,3.245,0.0,3.245,3.925,4.389,True,True,True,True,3.245,0.0,3.245,3.925,4.389,True,True,True,True,up,False
57,1,random_control,accepted,same-window random duration control,2021-12-27 05:25 EST,2021-12-27 06:20 EST,12,60,11.3,16.1,down,40.0,,,0.0,0.0,0.0,0.602,1.032,False,False,False,False,0.0,0.655,0.655,1.46,2.181,False,False,False,False,0.0,0.735,0.735,1.54,2.181,False,False,False,False,0.0,0.735,0.735,1.54,2.181,False,False,False,False,down,False
57,2,random_control,accepted,same-window random duration control,2021-12-27 06:00 EST,2021-12-27 06:30 EST,7,35,9.0,16.46,down,30.0,,,0.011,0.433,0.433,1.444,1.535,False,False,False,False,0.011,0.922,0.922,1.933,2.133,True,False,False,False,0.011,0.922,0.922,1.933,2.133,True,False,False,False,0.011,0.922,0.922,1.933,2.133,True,False,False,False,down,False
57,3,random_control,accepted,same-window random duration control,2021-12-27 02:55 EST,2021-12-27 03:35 EST,9,45,18.9,17.05,down,10.0,,,0.0,0.672,0.672,0.841,1.627,False,False,False,False,0.0,0.672,0.672,0.841,1.627,False,False,False,False,0.0,0.672,0.672,0.841,1.627,False,False,False,False,0.0,0.672,0.672,1.026,1.845,False,False,False,False,down,False
57,4,random_control,accepted,same-window random duration control,2021-12-27 06:30 EST,2021-12-27 07:20 EST,11,55,16.5,16.04,,,,,0.0,0.055,0.055,0.673,1.294,False,False,False,False,0.0,0.055,0.055,0.891,1.422,False,False,False,False,0.0,0.055,0.055,0.891,1.422,False,False,False,False,0.0,0.055,0.055,1.024,1.422,False,False,False,False,down,False
